"actnum","object_id","permx","poro","vtkValidPointMask","arc_length","Points:0","Points:1","Points:2"
nan,0,nan,nan,0,0,4.5914e+05,7.322e+06,2548.9
nan,0,nan,nan,0,5.0263,4.5914e+05,7.322e+06,2549.4
nan,0,nan,nan,0,9.5555,4.5914e+05,7.3221e+06,2549.9
nan,0,nan,nan,0,14.582,4.5914e+05,7.3221e+06,2550.4
nan,0,nan,nan,0,19.111,4.5914e+05,7.3221e+06,2551
nan,0,nan,nan,0,24.137,4.5914e+05,7.3221e+06,2551.5
nan,0,nan,nan,0,28.667,4.5914e+05,7.3221e+06,2552
nan,0,nan,nan,0,33.693,4.5914e+05,7.3221e+06,2552.5
nan,0,nan,nan,0,38.719,4.5914e+05,7.3221e+06,2553
nan,0,nan,nan,0,43.248,4.5914e+05,7.3221e+06,2553.5
nan,0,nan,nan,0,48.275,4.5914e+05,7.3221e+06,2554
nan,0,nan,nan,0,52.804,4.5914e+05,7.3221e+06,2554.6
nan,0,nan,nan,0,57.83,4.5914e+05,7.3221e+06,2555.1
nan,0,nan,nan,0,62.36,4.5914e+05,7.3221e+06,2555.6
nan,0,nan,nan,0,67.386,4.5914e+05,7.3221e+06,2556.1
nan,0,nan,nan,0,72.412,4.5914e+05,7.3221e+06,2556.6
nan,0,nan,nan,0,76.941,4.5914e+05,7.3221e+06,2557.1
nan,0,nan,nan,0,81.968,4.5914e+05,7.3221e+06,2557.6
nan,0,nan,nan,0,86.497,4.5914e+05,7.3221e+06,2558.2
nan,0,nan,nan,0,91.523,4.5914e+05,7.3221e+06,2558.7
nan,0,nan,nan,0,96.052,4.5914e+05,7.3221e+06,2559.2
nan,0,nan,nan,0,101.08,4.5914e+05,7.3221e+06,2559.7
nan,0,nan,nan,0,106.11,4.5914e+05,7.3221e+06,2560.2
nan,0,nan,nan,0,110.63,4.5914e+05,7.3222e+06,2560.7
nan,0,nan,nan,0,115.66,4.5914e+05,7.3222e+06,2561.2
nan,0,nan,nan,0,120.19,4.5914e+05,7.3222e+06,2561.7
nan,0,nan,nan,0,125.22,4.5914e+05,7.3222e+06,2562.3
nan,0,nan,nan,0,130.24,4.5914e+05,7.3222e+06,2562.8
nan,0,nan,nan,0,134.77,4.5914e+05,7.3222e+06,2563.3
nan,0,nan,nan,0,139.8,4.5914e+05,7.3222e+06,2563.8
nan,0,nan,nan,0,144.33,4.5914e+05,7.3222e+06,2564.3
nan,0,nan,nan,0,149.35,4.5914e+05,7.3222e+06,2564.8
nan,0,nan,nan,0,153.88,4.5914e+05,7.3222e+06,2565.3
nan,0,nan,nan,0,158.91,4.5914e+05,7.3222e+06,2565.9
nan,0,nan,nan,0,163.94,4.5914e+05,7.3222e+06,2566.4
nan,0,nan,nan,0,168.46,4.5914e+05,7.3222e+06,2566.9
nan,0,nan,nan,0,173.49,4.5914e+05,7.3222e+06,2567.4
nan,0,nan,nan,0,178.02,4.5914e+05,7.3222e+06,2567.9
nan,0,nan,nan,0,183.05,4.5914e+05,7.3222e+06,2568.4
nan,0,nan,nan,0,187.58,4.5914e+05,7.3222e+06,2568.9
nan,0,nan,nan,0,192.6,4.5914e+05,7.3222e+06,2569.5
nan,0,nan,nan,0,197.63,4.5914e+05,7.3222e+06,2570
nan,0,nan,nan,0,202.16,4.5914e+05,7.3222e+06,2570.5
nan,0,nan,nan,0,207.18,4.5914e+05,7.3222e+06,2571
nan,0,nan,nan,0,211.71,4.5914e+05,7.3223e+06,2571.5
nan,0,nan,nan,0,216.74,4.5914e+05,7.3223e+06,2572
nan,0,nan,nan,0,221.27,4.5914e+05,7.3223e+06,2572.5
nan,0,nan,nan,0,226.29,4.5914e+05,7.3223e+06,2573
nan,0,nan,nan,0,231.32,4.5914e+05,7.3223e+06,2573.6
nan,0,nan,nan,0,235.85,4.5914e+05,7.3223e+06,2574.1
nan,0,nan,nan,0,240.88,4.5914e+05,7.3223e+06,2574.6
nan,0,nan,nan,0,245.41,4.5914e+05,7.3223e+06,2575.1
nan,0,nan,nan,0,250.43,4.5914e+05,7.3223e+06,2575.6
nan,0,nan,nan,0,254.96,4.5914e+05,7.3223e+06,2576.1
nan,0,nan,nan,0,259.99,4.5914e+05,7.3223e+06,2576.6
nan,0,nan,nan,0,265.01,4.5914e+05,7.3223e+06,2577.2
nan,0,nan,nan,0,269.54,4.5914e+05,7.3223e+06,2577.7
nan,0,nan,nan,0,274.57,4.5914e+05,7.3223e+06,2578.2
nan,0,nan,nan,0,279.1,4.5914e+05,7.3223e+06,2578.7
nan,0,nan,nan,0,284.13,4.5914e+05,7.3223e+06,2579.2
nan,0,nan,nan,0,289.15,4.5914e+05,7.3223e+06,2579.7
nan,0,nan,nan,0,293.68,4.5914e+05,7.3223e+06,2580.2
nan,0,nan,nan,0,298.71,4.5914e+05,7.3223e+06,2580.8
nan,0,nan,nan,0,303.24,4.5914e+05,7.3223e+06,2581.3
nan,0,nan,nan,0,308.26,4.5914e+05,7.3223e+06,2581.8
nan,0,nan,nan,0,312.79,4.5914e+05,7.3224e+06,2582.3
nan,0,nan,nan,0,317.82,4.5914e+05,7.3224e+06,2582.8
nan,0,nan,nan,0,322.84,4.5914e+05,7.3224e+06,2583.3
nan,0,nan,nan,0,327.37,4.5914e+05,7.3224e+06,2583.8
nan,0,nan,nan,0,332.4,4.5914e+05,7.3224e+06,2584.3
nan,0,nan,nan,0,336.93,4.5914e+05,7.3224e+06,2584.9
nan,0,nan,nan,0,341.96,4.5914e+05,7.3224e+06,2585.4
nan,0,nan,nan,0,346.48,4.5914e+05,7.3224e+06,2585.9
nan,0,nan,nan,0,351.51,4.5914e+05,7.3224e+06,2586.4
nan,0,nan,nan,0,356.54,4.5914e+05,7.3224e+06,2586.9
nan,0,nan,nan,0,361.07,4.5914e+05,7.3224e+06,2587.4
nan,0,nan,nan,0,366.09,4.5914e+05,7.3224e+06,2587.9
nan,0,nan,nan,0,370.62,4.5914e+05,7.3224e+06,2588.5
nan,0,nan,nan,0,375.65,4.5914e+05,7.3224e+06,2589
nan,0,nan,nan,0,380.18,4.5914e+05,7.3224e+06,2589.5
nan,0,nan,nan,0,385.2,4.5914e+05,7.3224e+06,2590
nan,0,nan,nan,0,390.23,4.5914e+05,7.3224e+06,2590.5
nan,0,nan,nan,0,394.76,4.5914e+05,7.3224e+06,2591
nan,0,nan,nan,0,399.79,4.5914e+05,7.3224e+06,2591.5
nan,0,nan,nan,0,404.32,4.5914e+05,7.3224e+06,2592.1
nan,0,nan,nan,0,409.34,4.5914e+05,7.3224e+06,2592.6
nan,0,nan,nan,0,413.87,4.5914e+05,7.3225e+06,2593.1
nan,0,nan,nan,0,418.9,4.5914e+05,7.3225e+06,2593.6
nan,0,nan,nan,0,423.92,4.5914e+05,7.3225e+06,2594.1
nan,0,nan,nan,0,428.45,4.5914e+05,7.3225e+06,2594.6
nan,0,nan,nan,0,433.48,4.5914e+05,7.3225e+06,2595.1
nan,0,nan,nan,0,438.01,4.5914e+05,7.3225e+06,2595.6
nan,0,nan,nan,0,443.03,4.5914e+05,7.3225e+06,2596.2
nan,0,nan,nan,0,447.56,4.5914e+05,7.3225e+06,2596.7
nan,0,nan,nan,0,452.59,4.5914e+05,7.3225e+06,2597.2
nan,0,nan,nan,0,457.62,4.5914e+05,7.3225e+06,2597.7
nan,0,nan,nan,0,462.15,4.5914e+05,7.3225e+06,2598.2
nan,0,nan,nan,0,467.17,4.5914e+05,7.3225e+06,2598.7
nan,0,nan,nan,0,471.7,4.5914e+05,7.3225e+06,2599.2
nan,0,nan,nan,0,476.73,4.5914e+05,7.3225e+06,2599.8
nan,0,nan,nan,0,481.26,4.5914e+05,7.3225e+06,2600.3
nan,0,nan,nan,0,486.28,4.5914e+05,7.3225e+06,2600.8
nan,0,nan,nan,0,491.31,4.5914e+05,7.3225e+06,2601.3
nan,0,nan,nan,0,495.84,4.5914e+05,7.3225e+06,2601.8
nan,0,nan,nan,0,500.86,4.5914e+05,7.3225e+06,2602.3
nan,0,nan,nan,0,505.39,4.5914e+05,7.3225e+06,2602.8
nan,0,nan,nan,0,510.42,4.5914e+05,7.3226e+06,2603.4
nan,0,nan,nan,0,515.45,4.5914e+05,7.3226e+06,2603.9
nan,0,nan,nan,0,519.98,4.5914e+05,7.3226e+06,2604.4
nan,0,nan,nan,0,525,4.5914e+05,7.3226e+06,2604.9
nan,0,nan,nan,0,529.53,4.5914e+05,7.3226e+06,2605.4
nan,0,nan,nan,0,534.56,4.5914e+05,7.3226e+06,2605.9
nan,0,nan,nan,0,539.09,4.5914e+05,7.3226e+06,2606.4
nan,0,nan,nan,0,544.11,4.5914e+05,7.3226e+06,2606.9
nan,0,nan,nan,0,549.14,4.5914e+05,7.3226e+06,2607.5
nan,0,nan,nan,0,553.67,4.5914e+05,7.3226e+06,2608
nan,0,nan,nan,0,558.7,4.5914e+05,7.3226e+06,2608.5
nan,0,nan,nan,0,563.22,4.5914e+05,7.3226e+06,2609
nan,0,nan,nan,0,568.25,4.5914e+05,7.3226e+06,2609.5
nan,0,nan,nan,0,572.78,4.5914e+05,7.3226e+06,2610
nan,0,nan,nan,0,577.81,4.5914e+05,7.3226e+06,2610.5
nan,0,nan,nan,0,582.83,4.5914e+05,7.3226e+06,2611.1
nan,0,nan,nan,0,587.36,4.5914e+05,7.3226e+06,2611.6
nan,0,nan,nan,0,592.39,4.5914e+05,7.3226e+06,2612.1
nan,0,nan,nan,0,596.92,4.5914e+05,7.3226e+06,2612.6
nan,0,nan,nan,0,601.94,4.5914e+05,7.3226e+06,2613.1
nan,0,nan,nan,0,606.47,4.5914e+05,7.3226e+06,2613.6
nan,0,nan,nan,0,611.5,4.5914e+05,7.3227e+06,2614.1
nan,0,nan,nan,0,616.53,4.5914e+05,7.3227e+06,2614.7
nan,0,nan,nan,0,621.05,4.5914e+05,7.3227e+06,2615.2
nan,0,nan,nan,0,626.08,4.5914e+05,7.3227e+06,2615.7
nan,0,nan,nan,0,630.61,4.5914e+05,7.3227e+06,2616.2
nan,0,nan,nan,0,635.64,4.5914e+05,7.3227e+06,2616.7
nan,0,nan,nan,0,640.17,4.5914e+05,7.3227e+06,2617.2
nan,0,nan,nan,0,645.19,4.5914e+05,7.3227e+06,2617.7
nan,0,nan,nan,0,650.22,4.5914e+05,7.3227e+06,2618.2
nan,0,nan,nan,0,654.75,4.5914e+05,7.3227e+06,2618.8
nan,0,nan,nan,0,659.77,4.5914e+05,7.3227e+06,2619.3
nan,0,nan,nan,0,664.3,4.5914e+05,7.3227e+06,2619.8
nan,0,nan,nan,0,669.33,4.5914e+05,7.3227e+06,2620.3
nan,0,nan,nan,0,674.36,4.5914e+05,7.3227e+06,2620.8
nan,0,nan,nan,0,678.88,4.5914e+05,7.3227e+06,2621.3
nan,0,nan,nan,0,683.91,4.5914e+05,7.3227e+06,2621.8
nan,0,nan,nan,0,688.44,4.5914e+05,7.3227e+06,2622.4
nan,0,nan,nan,0,693.47,4.5914e+05,7.3227e+06,2622.9
nan,0,nan,nan,0,698,4.5914e+05,7.3227e+06,2623.4
nan,0,nan,nan,0,703.02,4.5914e+05,7.3227e+06,2623.9
nan,0,nan,nan,0,708.05,4.5914e+05,7.3227e+06,2624.4
nan,0,nan,nan,0,712.58,4.5914e+05,7.3228e+06,2624.9
nan,0,nan,nan,0,717.6,4.5914e+05,7.3228e+06,2625.4
nan,0,nan,nan,0,722.13,4.5914e+05,7.3228e+06,2626
nan,0,nan,nan,0,727.16,4.5914e+05,7.3228e+06,2626.5
nan,0,nan,nan,0,731.69,4.5914e+05,7.3228e+06,2627
nan,0,nan,nan,0,736.72,4.5914e+05,7.3228e+06,2627.5
nan,0,nan,nan,0,741.74,4.5914e+05,7.3228e+06,2628
nan,0,nan,nan,0,746.27,4.5914e+05,7.3228e+06,2628.5
nan,0,nan,nan,0,751.3,4.5914e+05,7.3228e+06,2629
nan,0,nan,nan,0,755.83,4.5914e+05,7.3228e+06,2629.5
nan,0,nan,nan,0,760.85,4.5914e+05,7.3228e+06,2630.1
nan,0,nan,nan,0,765.38,4.5914e+05,7.3228e+06,2630.6
nan,0,nan,nan,0,770.41,4.5914e+05,7.3228e+06,2631.1
nan,0,nan,nan,0,775.43,4.5914e+05,7.3228e+06,2631.6
nan,0,nan,nan,0,779.96,4.5914e+05,7.3228e+06,2632.1
nan,0,nan,nan,0,784.99,4.5914e+05,7.3228e+06,2632.6
nan,0,nan,nan,0,789.52,4.5914e+05,7.3228e+06,2633.1
nan,0,nan,nan,0,794.55,4.5914e+05,7.3228e+06,2633.7
nan,0,nan,nan,0,799.07,4.5914e+05,7.3228e+06,2634.2
nan,0,nan,nan,0,804.1,4.5914e+05,7.3228e+06,2634.7
nan,0,nan,nan,0,809.13,4.5914e+05,7.3228e+06,2635.2
nan,0,nan,nan,0,813.66,4.5914e+05,7.3229e+06,2635.7
nan,0,nan,nan,0,818.68,4.5914e+05,7.3229e+06,2636.2
nan,0,nan,nan,0,823.21,4.5914e+05,7.3229e+06,2636.7
nan,0,nan,nan,0,828.24,4.5914e+05,7.3229e+06,2637.3
nan,0,nan,nan,0,832.77,4.5914e+05,7.3229e+06,2637.8
nan,0,nan,nan,0,837.79,4.5914e+05,7.3229e+06,2638.3
nan,0,nan,nan,0,842.82,4.5914e+05,7.3229e+06,2638.8
nan,0,nan,nan,0,847.35,4.5914e+05,7.3229e+06,2639.3
nan,0,nan,nan,0,852.38,4.5914e+05,7.3229e+06,2639.8
nan,0,nan,nan,0,856.91,4.5914e+05,7.3229e+06,2640.3
nan,0,nan,nan,0,861.93,4.5914e+05,7.3229e+06,2640.9
nan,0,nan,nan,0,866.46,4.5914e+05,7.3229e+06,2641.4
nan,0,nan,nan,0,871.49,4.5914e+05,7.3229e+06,2641.9
nan,0,nan,nan,0,876.51,4.5914e+05,7.3229e+06,2642.4
nan,0,nan,nan,0,881.04,4.5914e+05,7.3229e+06,2642.9
nan,0,nan,nan,0,886.07,4.5914e+05,7.3229e+06,2643.4
nan,0,nan,nan,0,890.6,4.5914e+05,7.3229e+06,2643.9
nan,0,nan,nan,0,895.62,4.5914e+05,7.3229e+06,2644.4
nan,0,nan,nan,0,900.65,4.5914e+05,7.3229e+06,2645
nan,0,nan,nan,0,905.18,4.5914e+05,7.3229e+06,2645.5
nan,0,nan,nan,0,910.21,4.5914e+05,7.3229e+06,2646
nan,0,nan,nan,0,914.74,4.5914e+05,7.323e+06,2646.5
nan,0,nan,nan,0,919.76,4.5914e+05,7.323e+06,2647
nan,0,nan,nan,0,924.29,4.5914e+05,7.323e+06,2647.5
nan,0,nan,nan,0,929.32,4.5914e+05,7.323e+06,2648
nan,0,nan,nan,0,934.34,4.5914e+05,7.323e+06,2648.6
nan,0,nan,nan,0,938.87,4.5914e+05,7.323e+06,2649.1
nan,0,nan,nan,0,943.9,4.5914e+05,7.323e+06,2649.6
nan,0,nan,nan,0,948.43,4.5914e+05,7.323e+06,2650.1
nan,0,nan,nan,0,953.45,4.5914e+05,7.323e+06,2650.6
nan,0,nan,nan,0,957.98,4.5914e+05,7.323e+06,2651.1
nan,0,nan,nan,0,963.01,4.5914e+05,7.323e+06,2651.6
nan,0,nan,nan,0,968.04,4.5914e+05,7.323e+06,2652.2
nan,0,nan,nan,0,972.57,4.5914e+05,7.323e+06,2652.7
nan,0,nan,nan,0,977.59,4.5914e+05,7.323e+06,2653.2
nan,0,nan,nan,0,982.12,4.5914e+05,7.323e+06,2653.7
nan,0,nan,nan,0,987.15,4.5914e+05,7.323e+06,2654.2
nan,0,nan,nan,0,991.68,4.5914e+05,7.323e+06,2654.7
nan,0,nan,nan,0,996.7,4.5914e+05,7.323e+06,2655.2
nan,0,nan,nan,0,1001.7,4.5914e+05,7.323e+06,2655.7
nan,0,nan,nan,0,1006.3,4.5914e+05,7.323e+06,2656.3
nan,0,nan,nan,0,1011.3,4.5914e+05,7.323e+06,2656.8
nan,0,nan,nan,0,1015.8,4.5914e+05,7.3231e+06,2657.3
nan,0,nan,nan,0,1020.8,4.5914e+05,7.3231e+06,2657.8
nan,0,nan,nan,0,1025.4,4.5914e+05,7.3231e+06,2658.3
nan,0,nan,nan,0,1030.4,4.5914e+05,7.3231e+06,2658.8
nan,0,nan,nan,0,1035.4,4.5914e+05,7.3231e+06,2659.3
nan,0,nan,nan,0,1040,4.5914e+05,7.3231e+06,2659.9
nan,0,nan,nan,0,1045,4.5914e+05,7.3231e+06,2660.4
nan,0,nan,nan,0,1049.5,4.5914e+05,7.3231e+06,2660.9
nan,0,nan,nan,0,1054.5,4.5914e+05,7.3231e+06,2661.4
nan,0,nan,nan,0,1059.6,4.5914e+05,7.3231e+06,2661.9
nan,0,nan,nan,0,1064.1,4.5914e+05,7.3231e+06,2662.4
nan,0,nan,nan,0,1069.1,4.5914e+05,7.3231e+06,2662.9
nan,0,nan,nan,0,1073.6,4.5914e+05,7.3231e+06,2663.5
nan,0,nan,nan,0,1078.7,4.5914e+05,7.3231e+06,2664
nan,0,nan,nan,0,1083.2,4.5914e+05,7.3231e+06,2664.5
nan,0,nan,nan,0,1088.2,4.5914e+05,7.3231e+06,2665
nan,0,nan,nan,0,1093.3,4.5914e+05,7.3231e+06,2665.5
nan,0,nan,nan,0,1097.8,4.5914e+05,7.3231e+06,2666
nan,0,nan,nan,0,1102.8,4.5914e+05,7.3231e+06,2666.5
nan,0,nan,nan,0,1107.3,4.5914e+05,7.3231e+06,2667
nan,0,nan,nan,0,1112.4,4.5914e+05,7.3231e+06,2667.6
nan,0,nan,nan,0,1116.9,4.5914e+05,7.3232e+06,2668.1
nan,0,nan,nan,0,1121.9,4.5914e+05,7.3232e+06,2668.6
nan,0,nan,nan,0,1126.9,4.5914e+05,7.3232e+06,2669.1
nan,0,nan,nan,0,1131.5,4.5914e+05,7.3232e+06,2669.6
nan,0,nan,nan,0,1136.5,4.5914e+05,7.3232e+06,2670.1
nan,0,nan,nan,0,1141,4.5914e+05,7.3232e+06,2670.6
nan,0,nan,nan,0,1146.1,4.5914e+05,7.3232e+06,2671.2
nan,0,nan,nan,0,1150.6,4.5914e+05,7.3232e+06,2671.7
nan,0,nan,nan,0,1155.6,4.5914e+05,7.3232e+06,2672.2
nan,0,nan,nan,0,1160.6,4.5914e+05,7.3232e+06,2672.7
nan,0,nan,nan,0,1165.2,4.5914e+05,7.3232e+06,2673.2
nan,0,nan,nan,0,1170.2,4.5914e+05,7.3232e+06,2673.7
nan,0,nan,nan,0,1174.7,4.5914e+05,7.3232e+06,2674.2
nan,0,nan,nan,0,1179.7,4.5914e+05,7.3232e+06,2674.8
nan,0,nan,nan,0,1184.3,4.5914e+05,7.3232e+06,2675.3
nan,0,nan,nan,0,1189.3,4.5914e+05,7.3232e+06,2675.8
nan,0,nan,nan,0,1194.3,4.5914e+05,7.3232e+06,2676.3
nan,0,nan,nan,0,1198.9,4.5914e+05,7.3232e+06,2676.8
nan,0,nan,nan,0,1203.9,4.5914e+05,7.3232e+06,2677.3
nan,0,nan,nan,0,1208.4,4.5914e+05,7.3232e+06,2677.8
nan,0,nan,nan,0,1213.4,4.5914e+05,7.3232e+06,2678.3
nan,0,nan,nan,0,1218,4.5914e+05,7.3233e+06,2678.9
nan,0,nan,nan,0,1223,4.5914e+05,7.3233e+06,2679.4
nan,0,nan,nan,0,1228,4.5914e+05,7.3233e+06,2679.9
nan,0,nan,nan,0,1232.6,4.5914e+05,7.3233e+06,2680.4
nan,0,nan,nan,0,1237.6,4.5914e+05,7.3233e+06,2680.9
nan,0,nan,nan,0,1242.1,4.5914e+05,7.3233e+06,2681.4
nan,0,nan,nan,0,1247.1,4.5914e+05,7.3233e+06,2681.9
nan,0,nan,nan,0,1251.7,4.5914e+05,7.3233e+06,2682.5
nan,0,nan,nan,0,1256.7,4.5914e+05,7.3233e+06,2683
nan,0,nan,nan,0,1261.7,4.5914e+05,7.3233e+06,2683.5
nan,0,nan,nan,0,1266.2,4.5914e+05,7.3233e+06,2684
nan,0,nan,nan,0,1271.3,4.5914e+05,7.3233e+06,2684.5
nan,0,nan,nan,0,1275.8,4.5914e+05,7.3233e+06,2685
nan,0,nan,nan,0,1280.8,4.5914e+05,7.3233e+06,2685.5
nan,0,nan,nan,0,1285.9,4.5914e+05,7.3233e+06,2686.1
nan,0,nan,nan,0,1290.4,4.5914e+05,7.3233e+06,2686.6
nan,0,nan,nan,0,1295.4,4.5914e+05,7.3233e+06,2687.1
nan,0,nan,nan,0,1299.9,4.5914e+05,7.3233e+06,2687.6
nan,0,nan,nan,0,1305,4.5914e+05,7.3233e+06,2688.1
nan,0,nan,nan,0,1309.5,4.5914e+05,7.3233e+06,2688.6
nan,0,nan,nan,0,1314.5,4.5914e+05,7.3233e+06,2689.1
nan,0,nan,nan,0,1319.5,4.5914e+05,7.3234e+06,2689.6
nan,0,nan,nan,0,1324.1,4.5914e+05,7.3234e+06,2690.2
nan,0,nan,nan,0,1329.1,4.5914e+05,7.3234e+06,2690.7
nan,0,nan,nan,0,1333.6,4.5914e+05,7.3234e+06,2691.2
nan,0,nan,nan,0,1338.7,4.5914e+05,7.3234e+06,2691.7
nan,0,nan,nan,0,1343.2,4.5914e+05,7.3234e+06,2692.2
nan,0,nan,nan,0,1348.2,4.5914e+05,7.3234e+06,2692.7
nan,0,nan,nan,0,1353.2,4.5914e+05,7.3234e+06,2693.2
nan,0,nan,nan,0,1357.8,4.5914e+05,7.3234e+06,2693.8
nan,0,nan,nan,0,1362.8,4.5914e+05,7.3234e+06,2694.3
nan,0,nan,nan,0,1367.3,4.5914e+05,7.3234e+06,2694.8
nan,0,nan,nan,0,1372.4,4.5914e+05,7.3234e+06,2695.3
nan,0,nan,nan,0,1376.9,4.5914e+05,7.3234e+06,2695.8
nan,0,nan,nan,0,1381.9,4.5914e+05,7.3234e+06,2696.3
nan,0,nan,nan,0,1386.9,4.5914e+05,7.3234e+06,2696.8
nan,0,nan,nan,0,1391.5,4.5914e+05,7.3234e+06,2697.4
nan,0,nan,nan,0,1396.5,4.5914e+05,7.3234e+06,2697.9
nan,0,nan,nan,0,1401,4.5914e+05,7.3234e+06,2698.4
nan,0,nan,nan,0,1406,4.5914e+05,7.3234e+06,2698.9
nan,0,nan,nan,0,1410.6,4.5914e+05,7.3234e+06,2699.4
nan,0,nan,nan,0,1415.6,4.5914e+05,7.3234e+06,2699.9
nan,0,nan,nan,0,1420.6,4.5914e+05,7.3235e+06,2700.4
nan,0,nan,nan,0,1425.2,4.5914e+05,7.3235e+06,2700.9
nan,0,nan,nan,0,1430.2,4.5914e+05,7.3235e+06,2701.5
nan,0,nan,nan,0,1434.7,4.5914e+05,7.3235e+06,2702
nan,0,nan,nan,0,1439.7,4.5914e+05,7.3235e+06,2702.5
nan,0,nan,nan,0,1444.8,4.5914e+05,7.3235e+06,2703
nan,0,nan,nan,0,1449.3,4.5914e+05,7.3235e+06,2703.5
nan,0,nan,nan,0,1454.3,4.5914e+05,7.3235e+06,2704
nan,0,nan,nan,0,1458.8,4.5914e+05,7.3235e+06,2704.5
nan,0,nan,nan,0,1463.9,4.5914e+05,7.3235e+06,2705.1
nan,0,nan,nan,0,1468.4,4.5914e+05,7.3235e+06,2705.6
nan,0,nan,nan,0,1473.4,4.5914e+05,7.3235e+06,2706.1
nan,0,nan,nan,0,1478.5,4.5914e+05,7.3235e+06,2706.6
nan,0,nan,nan,0,1483,4.5914e+05,7.3235e+06,2707.1
nan,0,nan,nan,0,1488,4.5914e+05,7.3235e+06,2707.6
nan,0,nan,nan,0,1492.5,4.5914e+05,7.3235e+06,2708.1
nan,0,nan,nan,0,1497.6,4.5914e+05,7.3235e+06,2708.7
nan,0,nan,nan,0,1502.1,4.5914e+05,7.3235e+06,2709.2
nan,0,nan,nan,0,1507.1,4.5914e+05,7.3235e+06,2709.7
nan,0,nan,nan,0,1512.1,4.5914e+05,7.3235e+06,2710.2
nan,0,nan,nan,0,1516.7,4.5914e+05,7.3236e+06,2710.7
nan,0,nan,nan,0,1521.7,4.5914e+05,7.3236e+06,2711.2
nan,0,nan,nan,0,1526.2,4.5914e+05,7.3236e+06,2711.7
nan,0,nan,nan,0,1531.3,4.5914e+05,7.3236e+06,2712.2
nan,0,nan,nan,0,1535.8,4.5914e+05,7.3236e+06,2712.8
nan,0,nan,nan,0,1540.8,4.5914e+05,7.3236e+06,2713.3
nan,0,nan,nan,0,1545.8,4.5914e+05,7.3236e+06,2713.8
nan,0,nan,nan,0,1550.4,4.5914e+05,7.3236e+06,2714.3
nan,0,nan,nan,0,1555.4,4.5914e+05,7.3236e+06,2714.8
nan,0,nan,nan,0,1559.9,4.5914e+05,7.3236e+06,2715.3
nan,0,nan,nan,0,1565,4.5914e+05,7.3236e+06,2715.8
nan,0,nan,nan,0,1569.5,4.5914e+05,7.3236e+06,2716.4
nan,0,nan,nan,0,1574.5,4.5914e+05,7.3236e+06,2716.9
nan,0,nan,nan,0,1579.5,4.5914e+05,7.3236e+06,2717.4
nan,0,nan,nan,0,1584.1,4.5914e+05,7.3236e+06,2717.9
nan,0,nan,nan,0,1589.1,4.5914e+05,7.3236e+06,2718.4
nan,0,nan,nan,0,1593.6,4.5914e+05,7.3236e+06,2718.9
nan,0,nan,nan,0,1598.6,4.5914e+05,7.3236e+06,2719.4
nan,0,nan,nan,0,1603.2,4.5914e+05,7.3236e+06,2720
nan,0,nan,nan,0,1608.2,4.5914e+05,7.3236e+06,2720.5
nan,0,nan,nan,0,1613.2,4.5914e+05,7.3236e+06,2721
nan,0,nan,nan,0,1617.8,4.5914e+05,7.3237e+06,2721.5
nan,0,nan,nan,0,1622.8,4.5914e+05,7.3237e+06,2722
nan,0,nan,nan,0,1627.3,4.5914e+05,7.3237e+06,2722.5
nan,0,nan,nan,0,1632.3,4.5914e+05,7.3237e+06,2723
nan,0,nan,nan,0,1636.9,4.5914e+05,7.3237e+06,2723.6
nan,0,nan,nan,0,1641.9,4.5914e+05,7.3237e+06,2724.1
nan,0,nan,nan,0,1646.9,4.5914e+05,7.3237e+06,2724.6
nan,0,nan,nan,0,1651.5,4.5914e+05,7.3237e+06,2725.1
nan,0,nan,nan,0,1656.5,4.5914e+05,7.3237e+06,2725.6
nan,0,nan,nan,0,1661,4.5914e+05,7.3237e+06,2726.1
nan,0,nan,nan,0,1666,4.5914e+05,7.3237e+06,2726.6
nan,0,nan,nan,0,1671.1,4.5914e+05,7.3237e+06,2727.1
nan,0,nan,nan,0,1675.6,4.5914e+05,7.3237e+06,2727.7
nan,0,nan,nan,0,1680.6,4.5914e+05,7.3237e+06,2728.2
nan,0,nan,nan,0,1685.1,4.5914e+05,7.3237e+06,2728.7
nan,0,nan,nan,0,1690.2,4.5914e+05,7.3237e+06,2729.2
nan,0,nan,nan,0,1694.7,4.5914e+05,7.3237e+06,2729.7
nan,0,nan,nan,0,1699.7,4.5914e+05,7.3237e+06,2730.2
nan,0,nan,nan,0,1704.8,4.5914e+05,7.3237e+06,2730.7
nan,0,nan,nan,0,1709.3,4.5914e+05,7.3237e+06,2731.3
nan,0,nan,nan,0,1714.3,4.5914e+05,7.3237e+06,2731.8
nan,0,nan,nan,0,1718.8,4.5914e+05,7.3238e+06,2732.3
nan,0,nan,nan,0,1723.9,4.5914e+05,7.3238e+06,2732.8
nan,0,nan,nan,0,1728.4,4.5914e+05,7.3238e+06,2733.3
nan,0,nan,nan,0,1733.4,4.5914e+05,7.3238e+06,2733.8
nan,0,nan,nan,0,1738.4,4.5914e+05,7.3238e+06,2734.3
nan,0,nan,nan,0,1743,4.5914e+05,7.3238e+06,2734.9
nan,0,nan,nan,0,1748,4.5914e+05,7.3238e+06,2735.4
nan,0,nan,nan,0,1752.5,4.5914e+05,7.3238e+06,2735.9
nan,0,nan,nan,0,1757.6,4.5914e+05,7.3238e+06,2736.4
nan,0,nan,nan,0,1762.1,4.5914e+05,7.3238e+06,2736.9
nan,0,nan,nan,0,1767.1,4.5914e+05,7.3238e+06,2737.4
nan,0,nan,nan,0,1772.1,4.5914e+05,7.3238e+06,2737.9
nan,0,nan,nan,0,1776.7,4.5914e+05,7.3238e+06,2738.4
nan,0,nan,nan,0,1781.7,4.5914e+05,7.3238e+06,2739
nan,0,nan,nan,0,1786.2,4.5914e+05,7.3238e+06,2739.5
nan,0,nan,nan,0,1791.2,4.5914e+05,7.3238e+06,2740
nan,0,nan,nan,0,1795.8,4.5914e+05,7.3238e+06,2740.5
nan,0,nan,nan,0,1800.8,4.5914e+05,7.3238e+06,2741
nan,0,nan,nan,0,1805.8,4.5914e+05,7.3238e+06,2741.5
nan,0,nan,nan,0,1810.4,4.5914e+05,7.3238e+06,2742
nan,0,nan,nan,0,1815.4,4.5914e+05,7.3238e+06,2742.6
nan,0,nan,nan,0,1819.9,4.5914e+05,7.3239e+06,2743.1
nan,0,nan,nan,0,1824.9,4.5914e+05,7.3239e+06,2743.6
nan,0,nan,nan,0,1830,4.5914e+05,7.3239e+06,2744.1
nan,0,nan,nan,0,1834.5,4.5914e+05,7.3239e+06,2744.6
nan,0,nan,nan,0,1839.5,4.5914e+05,7.3239e+06,2745.1
nan,0,nan,nan,0,1844.1,4.5914e+05,7.3239e+06,2745.6
nan,0,nan,nan,0,1849.1,4.5914e+05,7.3239e+06,2746.2
nan,0,nan,nan,0,1853.6,4.5914e+05,7.3239e+06,2746.7
nan,0,nan,nan,0,1858.6,4.5914e+05,7.3239e+06,2747.2
nan,0,nan,nan,0,1863.7,4.5914e+05,7.3239e+06,2747.7
nan,0,nan,nan,0,1868.2,4.5914e+05,7.3239e+06,2748.2
nan,0,nan,nan,0,1873.2,4.5914e+05,7.3239e+06,2748.7
nan,0,nan,nan,0,1877.7,4.5914e+05,7.3239e+06,2749.2
nan,0,nan,nan,0,1882.8,4.5914e+05,7.3239e+06,2749.7
nan,0,nan,nan,0,1887.3,4.5914e+05,7.3239e+06,2750.3
nan,0,nan,nan,0,1892.3,4.5914e+05,7.3239e+06,2750.8
nan,0,nan,nan,0,1897.4,4.5914e+05,7.3239e+06,2751.3
nan,0,nan,nan,0,1901.9,4.5914e+05,7.3239e+06,2751.8
nan,0,nan,nan,0,1906.9,4.5914e+05,7.3239e+06,2752.3
nan,0,nan,nan,0,1911.4,4.5914e+05,7.3239e+06,2752.8
nan,0,nan,nan,0,1916.5,4.5914e+05,7.3239e+06,2753.3
nan,0,nan,nan,0,1921,4.5914e+05,7.324e+06,2753.9
nan,0,nan,nan,0,1926,4.5914e+05,7.324e+06,2754.4
nan,0,nan,nan,0,1931,4.5914e+05,7.324e+06,2754.9
nan,0,nan,nan,0,1935.6,4.5914e+05,7.324e+06,2755.4
nan,0,nan,nan,0,1940.6,4.5914e+05,7.324e+06,2755.9
nan,0,nan,nan,0,1945.1,4.5914e+05,7.324e+06,2756.4
nan,0,nan,nan,0,1950.2,4.5914e+05,7.324e+06,2756.9
nan,0,nan,nan,0,1954.7,4.5914e+05,7.324e+06,2757.5
nan,0,nan,nan,0,1959.7,4.5914e+05,7.324e+06,2758
nan,0,nan,nan,0,1964.7,4.5914e+05,7.324e+06,2758.5
nan,0,nan,nan,0,1969.3,4.5914e+05,7.324e+06,2759
nan,0,nan,nan,0,1974.3,4.5914e+05,7.324e+06,2759.5
nan,0,nan,nan,0,1978.8,4.5914e+05,7.324e+06,2760
nan,0,nan,nan,0,1983.9,4.5914e+05,7.324e+06,2760.5
nan,0,nan,nan,0,1988.4,4.5914e+05,7.324e+06,2761
nan,0,nan,nan,0,1993.4,4.5914e+05,7.324e+06,2761.6
nan,0,nan,nan,0,1998.4,4.5914e+05,7.324e+06,2762.1
nan,0,nan,nan,0,2003,4.5914e+05,7.324e+06,2762.6
nan,0,nan,nan,0,2008,4.5914e+05,7.324e+06,2763.1
nan,0,nan,nan,0,2012.5,4.5914e+05,7.324e+06,2763.6
nan,0,nan,nan,0,2017.5,4.5914e+05,7.324e+06,2764.1
nan,0,nan,nan,0,2022.1,4.5914e+05,7.3241e+06,2764.6
nan,0,nan,nan,0,2027.1,4.5914e+05,7.3241e+06,2765.2
nan,0,nan,nan,0,2032.1,4.5914e+05,7.3241e+06,2765.7
nan,0,nan,nan,0,2036.7,4.5914e+05,7.3241e+06,2766.2
nan,0,nan,nan,0,2041.7,4.5914e+05,7.3241e+06,2766.7
nan,0,nan,nan,0,2046.2,4.5914e+05,7.3241e+06,2767.2
nan,0,nan,nan,0,2051.2,4.5914e+05,7.3241e+06,2767.7
nan,0,nan,nan,0,2056.3,4.5914e+05,7.3241e+06,2768.2
nan,0,nan,nan,0,2060.8,4.5914e+05,7.3241e+06,2768.8
nan,0,nan,nan,0,2065.8,4.5914e+05,7.3241e+06,2769.3
nan,0,nan,nan,0,2070.3,4.5914e+05,7.3241e+06,2769.8
nan,0,nan,nan,0,2075.4,4.5914e+05,7.3241e+06,2770.3
nan,0,nan,nan,0,2079.9,4.5914e+05,7.3241e+06,2770.8
nan,0,nan,nan,0,2084.9,4.5914e+05,7.3241e+06,2771.3
nan,0,nan,nan,0,2090,4.5914e+05,7.3241e+06,2771.8
nan,0,nan,nan,0,2094.5,4.5914e+05,7.3241e+06,2772.3
nan,0,nan,nan,0,2099.5,4.5914e+05,7.3241e+06,2772.9
nan,0,nan,nan,0,2104,4.5914e+05,7.3241e+06,2773.4
nan,0,nan,nan,0,2109.1,4.5914e+05,7.3241e+06,2773.9
nan,0,nan,nan,0,2113.6,4.5914e+05,7.3241e+06,2774.4
nan,0,nan,nan,0,2118.6,4.5914e+05,7.3241e+06,2774.9
nan,0,nan,nan,0,2123.6,4.5914e+05,7.3242e+06,2775.4
nan,0,nan,nan,0,2128.2,4.5914e+05,7.3242e+06,2775.9
nan,0,nan,nan,0,2133.2,4.5914e+05,7.3242e+06,2776.5
nan,0,nan,nan,0,2137.7,4.5914e+05,7.3242e+06,2777
nan,0,nan,nan,0,2142.8,4.5914e+05,7.3242e+06,2777.5
nan,0,nan,nan,0,2147.3,4.5914e+05,7.3242e+06,2778
nan,0,nan,nan,0,2152.3,4.5914e+05,7.3242e+06,2778.5
nan,0,nan,nan,0,2157.3,4.5914e+05,7.3242e+06,2779
nan,0,nan,nan,0,2161.9,4.5914e+05,7.3242e+06,2779.5
nan,0,nan,nan,0,2166.9,4.5914e+05,7.3242e+06,2780.1
nan,0,nan,nan,0,2171.4,4.5914e+05,7.3242e+06,2780.6
nan,0,nan,nan,0,2176.5,4.5914e+05,7.3242e+06,2781.1
nan,0,nan,nan,0,2181,4.5914e+05,7.3242e+06,2781.6
nan,0,nan,nan,0,2186,4.5914e+05,7.3242e+06,2782.1
nan,0,nan,nan,0,2191,4.5914e+05,7.3242e+06,2782.6
nan,0,nan,nan,0,2195.6,4.5914e+05,7.3242e+06,2783.1
nan,0,nan,nan,0,2200.6,4.5914e+05,7.3242e+06,2783.6
nan,0,nan,nan,0,2205.1,4.5914e+05,7.3242e+06,2784.2
nan,0,nan,nan,0,2210.1,4.5914e+05,7.3242e+06,2784.7
nan,0,nan,nan,0,2215.2,4.5914e+05,7.3242e+06,2785.2
nan,0,nan,nan,0,2219.7,4.5914e+05,7.3242e+06,2785.7
nan,0,nan,nan,0,2224.7,4.5914e+05,7.3243e+06,2786.2
nan,0,nan,nan,0,2229.3,4.5914e+05,7.3243e+06,2786.7
nan,0,nan,nan,0,2234.3,4.5914e+05,7.3243e+06,2787.2
nan,0,nan,nan,0,2238.8,4.5914e+05,7.3243e+06,2787.8
nan,0,nan,nan,0,2243.8,4.5914e+05,7.3243e+06,2788.3
nan,0,nan,nan,0,2248.9,4.5914e+05,7.3243e+06,2788.8
nan,0,nan,nan,0,2253.4,4.5914e+05,7.3243e+06,2789.3
nan,0,nan,nan,0,2258.4,4.5914e+05,7.3243e+06,2789.8
nan,0,nan,nan,0,2262.9,4.5914e+05,7.3243e+06,2790.3
nan,0,nan,nan,0,2268,4.5914e+05,7.3243e+06,2790.8
nan,0,nan,nan,0,2272.5,4.5914e+05,7.3243e+06,2791.4
nan,0,nan,nan,0,2277.5,4.5914e+05,7.3243e+06,2791.9
nan,0,nan,nan,0,2282.6,4.5914e+05,7.3243e+06,2792.4
nan,0,nan,nan,0,2287.1,4.5914e+05,7.3243e+06,2792.9
nan,0,nan,nan,0,2292.1,4.5914e+05,7.3243e+06,2793.4
nan,0,nan,nan,0,2296.6,4.5914e+05,7.3243e+06,2793.9
nan,0,nan,nan,0,2301.7,4.5914e+05,7.3243e+06,2794.4
nan,0,nan,nan,0,2306.2,4.5914e+05,7.3243e+06,2794.9
nan,0,nan,nan,0,2311.2,4.5914e+05,7.3243e+06,2795.5
nan,0,nan,nan,0,2316.3,4.5914e+05,7.3243e+06,2796
nan,0,nan,nan,0,2320.8,4.5914e+05,7.3244e+06,2796.5
nan,0,nan,nan,0,2325.8,4.5914e+05,7.3244e+06,2797
nan,0,nan,nan,0,2330.3,4.5914e+05,7.3244e+06,2797.5
nan,0,nan,nan,0,2335.4,4.5914e+05,7.3244e+06,2798
nan,0,nan,nan,0,2339.9,4.5914e+05,7.3244e+06,2798.5
nan,0,nan,nan,0,2344.9,4.5914e+05,7.3244e+06,2799.1
nan,0,nan,nan,0,2349.9,4.5914e+05,7.3244e+06,2799.6
nan,0,nan,nan,0,2354.5,4.5914e+05,7.3244e+06,2800.1
nan,0,nan,nan,0,2359.5,4.5914e+05,7.3244e+06,2800.6
nan,0,nan,nan,0,2364,4.5914e+05,7.3244e+06,2801.1
nan,0,nan,nan,0,2369.1,4.5914e+05,7.3244e+06,2801.6
nan,0,nan,nan,0,2373.6,4.5914e+05,7.3244e+06,2802.1
nan,0,nan,nan,0,2378.6,4.5914e+05,7.3244e+06,2802.7
nan,0,nan,nan,0,2383.6,4.5914e+05,7.3244e+06,2803.2
nan,0,nan,nan,0,2388.2,4.5914e+05,7.3244e+06,2803.7
nan,0,nan,nan,0,2393.2,4.5914e+05,7.3244e+06,2804.2
nan,0,nan,nan,0,2397.7,4.5914e+05,7.3244e+06,2804.7
nan,0,nan,nan,0,2402.7,4.5914e+05,7.3244e+06,2805.2
nan,0,nan,nan,0,2407.3,4.5914e+05,7.3244e+06,2805.7
nan,0,nan,nan,0,2412.3,4.5914e+05,7.3244e+06,2806.3
nan,0,nan,nan,0,2417.3,4.5914e+05,7.3244e+06,2806.8
nan,0,nan,nan,0,2421.9,4.5914e+05,7.3245e+06,2807.3
nan,0,nan,nan,0,2426.9,4.5914e+05,7.3245e+06,2807.8
nan,0,nan,nan,0,2431.4,4.5914e+05,7.3245e+06,2808.3
nan,0,nan,nan,0,2436.4,4.5914e+05,7.3245e+06,2808.8
nan,0,nan,nan,0,2441.5,4.5914e+05,7.3245e+06,2809.3
nan,0,nan,nan,0,2446,4.5914e+05,7.3245e+06,2809.8
nan,0,nan,nan,0,2451,4.5914e+05,7.3245e+06,2810.4
nan,0,nan,nan,0,2455.6,4.5914e+05,7.3245e+06,2810.9
nan,0,nan,nan,0,2460.6,4.5914e+05,7.3245e+06,2811.4
nan,0,nan,nan,0,2465.1,4.5914e+05,7.3245e+06,2811.9
nan,0,nan,nan,0,2470.1,4.5914e+05,7.3245e+06,2812.4
nan,0,nan,nan,0,2475.2,4.5914e+05,7.3245e+06,2812.9
nan,0,nan,nan,0,2479.7,4.5914e+05,7.3245e+06,2813.4
nan,0,nan,nan,0,2484.7,4.5914e+05,7.3245e+06,2814
nan,0,nan,nan,0,2489.2,4.5914e+05,7.3245e+06,2814.5
nan,0,nan,nan,0,2494.3,4.5914e+05,7.3245e+06,2815
nan,0,nan,nan,0,2498.8,4.5914e+05,7.3245e+06,2815.5
nan,0,nan,nan,0,2503.8,4.5914e+05,7.3245e+06,2816
nan,0,nan,nan,0,2508.9,4.5914e+05,7.3245e+06,2816.5
nan,0,nan,nan,0,2513.4,4.5914e+05,7.3245e+06,2817
nan,0,nan,nan,0,2518.4,4.5914e+05,7.3245e+06,2817.6
nan,0,nan,nan,0,2522.9,4.5914e+05,7.3246e+06,2818.1
nan,0,nan,nan,0,2528,4.5914e+05,7.3246e+06,2818.6
nan,0,nan,nan,0,2532.5,4.5914e+05,7.3246e+06,2819.1
nan,0,nan,nan,0,2537.5,4.5914e+05,7.3246e+06,2819.6
nan,0,nan,nan,0,2542.5,4.5914e+05,7.3246e+06,2820.1
nan,0,nan,nan,0,2547.1,4.5914e+05,7.3246e+06,2820.6
nan,0,nan,nan,0,2552.1,4.5914e+05,7.3246e+06,2821.1
nan,0,nan,nan,0,2556.6,4.5914e+05,7.3246e+06,2821.7
nan,0,nan,nan,0,2561.7,4.5914e+05,7.3246e+06,2822.2
nan,0,nan,nan,0,2566.2,4.5914e+05,7.3246e+06,2822.7
nan,0,nan,nan,0,2571.2,4.5914e+05,7.3246e+06,2823.2
nan,0,nan,nan,0,2576.2,4.5914e+05,7.3246e+06,2823.7
nan,0,nan,nan,0,2580.8,4.5914e+05,7.3246e+06,2824.2
nan,0,nan,nan,0,2585.8,4.5914e+05,7.3246e+06,2824.7
nan,0,nan,nan,0,2590.3,4.5914e+05,7.3246e+06,2825.3
nan,0,nan,nan,0,2595.3,4.5914e+05,7.3246e+06,2825.8
nan,0,nan,nan,0,2600.4,4.5914e+05,7.3246e+06,2826.3
nan,0,nan,nan,0,2604.9,4.5914e+05,7.3246e+06,2826.8
nan,0,nan,nan,0,2609.9,4.5914e+05,7.3246e+06,2827.3
nan,0,nan,nan,0,2614.5,4.5914e+05,7.3246e+06,2827.8
nan,0,nan,nan,0,2619.5,4.5914e+05,7.3246e+06,2828.3
nan,0,nan,nan,0,2624,4.5914e+05,7.3247e+06,2828.9
nan,0,nan,nan,0,2629,4.5914e+05,7.3247e+06,2829.4
nan,0,nan,nan,0,2634.1,4.5914e+05,7.3247e+06,2829.9
nan,0,nan,nan,0,2638.6,4.5914e+05,7.3247e+06,2830.4
nan,0,nan,nan,0,2643.6,4.5914e+05,7.3247e+06,2830.9
nan,0,nan,nan,0,2648.2,4.5914e+05,7.3247e+06,2831.4
nan,0,nan,nan,0,2653.2,4.5914e+05,7.3247e+06,2831.9
nan,0,nan,nan,0,2657.7,4.5914e+05,7.3247e+06,2832.4
nan,0,nan,nan,0,2662.7,4.5914e+05,7.3247e+06,2833
nan,0,nan,nan,0,2667.8,4.5914e+05,7.3247e+06,2833.5
nan,0,nan,nan,0,2672.3,4.5914e+05,7.3247e+06,2834
nan,0,nan,nan,0,2677.3,4.5914e+05,7.3247e+06,2834.5
nan,0,nan,nan,0,2681.8,4.5914e+05,7.3247e+06,2835
nan,0,nan,nan,0,2686.9,4.5914e+05,7.3247e+06,2835.5
nan,0,nan,nan,0,2691.4,4.5914e+05,7.3247e+06,2836
nan,0,nan,nan,0,2696.4,4.5914e+05,7.3247e+06,2836.6
nan,0,nan,nan,0,2701.5,4.5914e+05,7.3247e+06,2837.1
nan,0,nan,nan,0,2706,4.5914e+05,7.3247e+06,2837.6
nan,0,nan,nan,0,2711,4.5914e+05,7.3247e+06,2838.1
nan,0,nan,nan,0,2715.5,4.5914e+05,7.3247e+06,2838.6
nan,0,nan,nan,0,2720.6,4.5914e+05,7.3247e+06,2839.1
nan,0,nan,nan,0,2725.1,4.5914e+05,7.3248e+06,2839.6
nan,0,nan,nan,0,2730.1,4.5914e+05,7.3248e+06,2840.2
nan,0,nan,nan,0,2735.1,4.5914e+05,7.3248e+06,2840.7
nan,0,nan,nan,0,2739.7,4.5914e+05,7.3248e+06,2841.2
nan,0,nan,nan,0,2744.7,4.5914e+05,7.3248e+06,2841.7
nan,0,nan,nan,0,2749.2,4.5914e+05,7.3248e+06,2842.2
nan,0,nan,nan,0,2754.3,4.5914e+05,7.3248e+06,2842.7
nan,0,nan,nan,0,2758.8,4.5914e+05,7.3248e+06,2843.2
nan,0,nan,nan,0,2763.8,4.5914e+05,7.3248e+06,2843.7
nan,0,nan,nan,0,2768.8,4.5914e+05,7.3248e+06,2844.3
nan,0,nan,nan,0,2773.4,4.5914e+05,7.3248e+06,2844.8
nan,0,nan,nan,0,2778.4,4.5914e+05,7.3248e+06,2845.3
nan,0,nan,nan,0,2782.9,4.5914e+05,7.3248e+06,2845.8
nan,0,nan,nan,0,2788,4.5914e+05,7.3248e+06,2846.3
nan,0,nan,nan,0,2792.5,4.5914e+05,7.3248e+06,2846.8
nan,0,nan,nan,0,2797.5,4.5914e+05,7.3248e+06,2847.3
nan,0,nan,nan,0,2802.5,4.5914e+05,7.3248e+06,2847.9
nan,0,nan,nan,0,2807.1,4.5914e+05,7.3248e+06,2848.4
nan,0,nan,nan,0,2812.1,4.5914e+05,7.3248e+06,2848.9
nan,0,nan,nan,0,2816.6,4.5914e+05,7.3248e+06,2849.4
nan,0,nan,nan,0,2821.6,4.5914e+05,7.3248e+06,2849.9
nan,0,nan,nan,0,2826.7,4.5914e+05,7.3249e+06,2850.4
nan,0,nan,nan,0,2831.2,4.5914e+05,7.3249e+06,2850.9
nan,0,nan,nan,0,2836.2,4.5914e+05,7.3249e+06,2851.5
nan,0,nan,nan,0,2840.8,4.5914e+05,7.3249e+06,2852
nan,0,nan,nan,0,2845.8,4.5914e+05,7.3249e+06,2852.5
nan,0,nan,nan,0,2850.3,4.5914e+05,7.3249e+06,2853
nan,0,nan,nan,0,2855.3,4.5914e+05,7.3249e+06,2853.5
nan,0,nan,nan,0,2860.4,4.5914e+05,7.3249e+06,2854
nan,0,nan,nan,0,2864.9,4.5914e+05,7.3249e+06,2854.5
nan,0,nan,nan,0,2869.9,4.5914e+05,7.3249e+06,2855
nan,0,nan,nan,0,2874.4,4.5914e+05,7.3249e+06,2855.6
nan,0,nan,nan,0,2879.5,4.5914e+05,7.3249e+06,2856.1
nan,0,nan,nan,0,2884,4.5914e+05,7.3249e+06,2856.6
nan,0,nan,nan,0,2889,4.5914e+05,7.3249e+06,2857.1
nan,0,nan,nan,0,2894.1,4.5914e+05,7.3249e+06,2857.6
nan,0,nan,nan,0,2898.6,4.5914e+05,7.3249e+06,2858.1
nan,0,nan,nan,0,2903.6,4.5914e+05,7.3249e+06,2858.6
nan,0,nan,nan,0,2908.1,4.5914e+05,7.3249e+06,2859.2
nan,0,nan,nan,0,2913.2,4.5914e+05,7.3249e+06,2859.7
nan,0,nan,nan,0,2917.7,4.5914e+05,7.3249e+06,2860.2
nan,0,nan,nan,0,2922.7,4.5914e+05,7.3249e+06,2860.7
nan,0,nan,nan,0,2927.7,4.5914e+05,7.325e+06,2861.2
nan,0,nan,nan,0,2932.3,4.5914e+05,7.325e+06,2861.7
nan,0,nan,nan,0,2937.3,4.5914e+05,7.325e+06,2862.2
nan,0,nan,nan,0,2941.8,4.5914e+05,7.325e+06,2862.8
nan,0,nan,nan,0,2946.9,4.5914e+05,7.325e+06,2863.3
nan,0,nan,nan,0,2951.4,4.5914e+05,7.325e+06,2863.8
nan,0,nan,nan,0,2956.4,4.5914e+05,7.325e+06,2864.3
nan,0,nan,nan,0,2961.4,4.5914e+05,7.325e+06,2864.8
nan,0,nan,nan,0,2966,4.5914e+05,7.325e+06,2865.3
nan,0,nan,nan,0,2971,4.5914e+05,7.325e+06,2865.8
nan,0,nan,nan,0,2975.5,4.5914e+05,7.325e+06,2866.3
nan,0,nan,nan,0,2980.6,4.5914e+05,7.325e+06,2866.9
nan,0,nan,nan,0,2985.6,4.5914e+05,7.325e+06,2867.4
nan,0,nan,nan,0,2990.1,4.5914e+05,7.325e+06,2867.9
nan,0,nan,nan,0,2995.1,4.5914e+05,7.325e+06,2868.4
nan,0,nan,nan,0,2999.7,4.5914e+05,7.325e+06,2868.9
nan,0,nan,nan,0,3004.7,4.5914e+05,7.325e+06,2869.4
nan,0,nan,nan,0,3009.2,4.5914e+05,7.325e+06,2869.9
nan,0,nan,nan,0,3014.2,4.5914e+05,7.325e+06,2870.5
nan,0,nan,nan,0,3019.3,4.5914e+05,7.325e+06,2871
nan,0,nan,nan,0,3023.8,4.5914e+05,7.325e+06,2871.5
nan,0,nan,nan,0,3028.8,4.5914e+05,7.3251e+06,2872
nan,0,nan,nan,0,3033.4,4.5914e+05,7.3251e+06,2872.5
nan,0,nan,nan,0,3038.4,4.5914e+05,7.3251e+06,2873
nan,0,nan,nan,0,3042.9,4.5914e+05,7.3251e+06,2873.5
nan,0,nan,nan,0,3047.9,4.5914e+05,7.3251e+06,2874.1
nan,0,nan,nan,0,3053,4.5914e+05,7.3251e+06,2874.6
nan,0,nan,nan,0,3057.5,4.5914e+05,7.3251e+06,2875.1
nan,0,nan,nan,0,3062.5,4.5914e+05,7.3251e+06,2875.6
nan,0,nan,nan,0,3067.1,4.5914e+05,7.3251e+06,2876.1
nan,0,nan,nan,0,3072.1,4.5914e+05,7.3251e+06,2876.6
nan,0,nan,nan,0,3076.6,4.5914e+05,7.3251e+06,2877.1
nan,0,nan,nan,0,3081.6,4.5914e+05,7.3251e+06,2877.6
nan,0,nan,nan,0,3086.7,4.5914e+05,7.3251e+06,2878.2
nan,0,nan,nan,0,3091.2,4.5914e+05,7.3251e+06,2878.7
nan,0,nan,nan,0,3096.2,4.5914e+05,7.3251e+06,2879.2
nan,0,nan,nan,0,3100.7,4.5914e+05,7.3251e+06,2879.7
nan,0,nan,nan,0,3105.8,4.5914e+05,7.3251e+06,2880.2
nan,0,nan,nan,0,3110.3,4.5914e+05,7.3251e+06,2880.7
nan,0,nan,nan,0,3115.3,4.5914e+05,7.3251e+06,2881.2
nan,0,nan,nan,0,3120.4,4.5914e+05,7.3251e+06,2881.8
nan,0,nan,nan,0,3124.9,4.5914e+05,7.3251e+06,2882.3
nan,0,nan,nan,0,3129.9,4.5914e+05,7.3252e+06,2882.8
nan,0,nan,nan,0,3134.4,4.5914e+05,7.3252e+06,2883.3
nan,0,nan,nan,0,3139.5,4.5914e+05,7.3252e+06,2883.8
nan,0,nan,nan,0,3144,4.5914e+05,7.3252e+06,2884.3
nan,0,nan,nan,0,3149,4.5914e+05,7.3252e+06,2884.8
nan,0,nan,nan,0,3154,4.5914e+05,7.3252e+06,2885.4
nan,0,nan,nan,0,3158.6,4.5914e+05,7.3252e+06,2885.9
nan,0,nan,nan,0,3163.6,4.5914e+05,7.3252e+06,2886.4
nan,0,nan,nan,0,3168.1,4.5914e+05,7.3252e+06,2886.9
nan,0,nan,nan,0,3173.2,4.5914e+05,7.3252e+06,2887.4
nan,0,nan,nan,0,3177.7,4.5914e+05,7.3252e+06,2887.9
nan,0,nan,nan,0,3182.7,4.5914e+05,7.3252e+06,2888.4
nan,0,nan,nan,0,3187.7,4.5914e+05,7.3252e+06,2889
nan,0,nan,nan,0,3192.3,4.5914e+05,7.3252e+06,2889.5
nan,0,nan,nan,0,3197.3,4.5914e+05,7.3252e+06,2890
nan,0,nan,nan,0,3201.8,4.5914e+05,7.3252e+06,2890.5
nan,0,nan,nan,0,3206.8,4.5914e+05,7.3252e+06,2891
nan,0,nan,nan,0,3211.9,4.5914e+05,7.3252e+06,2891.5
nan,0,nan,nan,0,3216.4,4.5914e+05,7.3252e+06,2892
nan,0,nan,nan,0,3221.4,4.5914e+05,7.3252e+06,2892.5
nan,0,nan,nan,0,3226,4.5914e+05,7.3252e+06,2893.1
nan,0,nan,nan,0,3231,4.5914e+05,7.3253e+06,2893.6
nan,0,nan,nan,0,3235.5,4.5914e+05,7.3253e+06,2894.1
nan,0,nan,nan,0,3240.5,4.5914e+05,7.3253e+06,2894.6
nan,0,nan,nan,0,3245.6,4.5914e+05,7.3253e+06,2895.1
nan,0,nan,nan,0,3250.1,4.5914e+05,7.3253e+06,2895.6
nan,0,nan,nan,0,3255.1,4.5914e+05,7.3253e+06,2896.1
nan,0,nan,nan,0,3259.7,4.5914e+05,7.3253e+06,2896.7
nan,0,nan,nan,0,3264.7,4.5914e+05,7.3253e+06,2897.2
nan,0,nan,nan,0,3269.2,4.5914e+05,7.3253e+06,2897.7
nan,0,nan,nan,0,3274.2,4.5914e+05,7.3253e+06,2898.2
nan,0,nan,nan,0,3279.3,4.5914e+05,7.3253e+06,2898.7
nan,0,nan,nan,0,3283.8,4.5914e+05,7.3253e+06,2899.2
nan,0,nan,nan,0,3288.8,4.5914e+05,7.3253e+06,2899.7
nan,0,nan,nan,0,3293.3,4.5914e+05,7.3253e+06,2900.3
nan,0,nan,nan,0,3298.4,4.5914e+05,7.3253e+06,2900.8
nan,0,nan,nan,0,3302.9,4.5914e+05,7.3253e+06,2901.3
nan,0,nan,nan,0,3307.9,4.5914e+05,7.3253e+06,2901.8
nan,0,nan,nan,0,3313,4.5914e+05,7.3253e+06,2902.3
nan,0,nan,nan,0,3317.5,4.5914e+05,7.3253e+06,2902.8
nan,0,nan,nan,0,3322.5,4.5914e+05,7.3253e+06,2903.3
nan,0,nan,nan,0,3327,4.5914e+05,7.3254e+06,2903.8
nan,0,nan,nan,0,3332.1,4.5914e+05,7.3254e+06,2904.4
nan,0,nan,nan,0,3336.6,4.5914e+05,7.3254e+06,2904.9
nan,0,nan,nan,0,3341.6,4.5914e+05,7.3254e+06,2905.4
nan,0,nan,nan,0,3346.6,4.5914e+05,7.3254e+06,2905.9
nan,0,nan,nan,0,3351.2,4.5914e+05,7.3254e+06,2906.4
nan,0,nan,nan,0,3356.2,4.5914e+05,7.3254e+06,2906.9
nan,0,nan,nan,0,3360.7,4.5914e+05,7.3254e+06,2907.4
nan,0,nan,nan,0,3365.8,4.5914e+05,7.3254e+06,2908
nan,0,nan,nan,0,3370.8,4.5914e+05,7.3254e+06,2908.5
nan,0,nan,nan,0,3375.3,4.5914e+05,7.3254e+06,2909
nan,0,nan,nan,0,3380.3,4.5914e+05,7.3254e+06,2909.5
nan,0,nan,nan,0,3384.9,4.5914e+05,7.3254e+06,2910
nan,0,nan,nan,0,3389.9,4.5914e+05,7.3254e+06,2910.5
nan,0,nan,nan,0,3394.4,4.5914e+05,7.3254e+06,2911
nan,0,nan,nan,0,3399.5,4.5914e+05,7.3254e+06,2911.6
nan,0,nan,nan,0,3404.5,4.5914e+05,7.3254e+06,2912.1
nan,0,nan,nan,0,3409,4.5914e+05,7.3254e+06,2912.6
nan,0,nan,nan,0,3414,4.5914e+05,7.3254e+06,2913.1
nan,0,nan,nan,0,3418.6,4.5914e+05,7.3254e+06,2913.6
nan,0,nan,nan,0,3423.6,4.5914e+05,7.3254e+06,2914.1
nan,0,nan,nan,0,3428.1,4.5914e+05,7.3255e+06,2914.6
nan,0,nan,nan,0,3433.1,4.5914e+05,7.3255e+06,2915.1
nan,0,nan,nan,0,3438.2,4.5914e+05,7.3255e+06,2915.7
nan,0,nan,nan,0,3442.7,4.5914e+05,7.3255e+06,2916.2
nan,0,nan,nan,0,3447.7,4.5914e+05,7.3255e+06,2916.7
nan,0,nan,nan,0,3452.3,4.5914e+05,7.3255e+06,2917.2
nan,0,nan,nan,0,3457.3,4.5914e+05,7.3255e+06,2917.7
nan,0,nan,nan,0,3461.8,4.5914e+05,7.3255e+06,2918.2
nan,0,nan,nan,0,3466.8,4.5914e+05,7.3255e+06,2918.7
nan,0,nan,nan,0,3471.9,4.5914e+05,7.3255e+06,2919.3
nan,0,nan,nan,0,3476.4,4.5914e+05,7.3255e+06,2919.8
nan,0,nan,nan,0,3481.4,4.5914e+05,7.3255e+06,2920.3
nan,0,nan,nan,0,3485.9,4.5914e+05,7.3255e+06,2920.8
nan,0,nan,nan,0,3491,4.5914e+05,7.3255e+06,2921.3
nan,0,nan,nan,0,3495.5,4.5914e+05,7.3255e+06,2921.8
nan,0,nan,nan,0,3500.5,4.5914e+05,7.3255e+06,2922.3
nan,0,nan,nan,0,3505.6,4.5914e+05,7.3255e+06,2922.9
nan,0,nan,nan,0,3510.1,4.5914e+05,7.3255e+06,2923.4
nan,0,nan,nan,0,3515.1,4.5914e+05,7.3255e+06,2923.9
nan,0,nan,nan,0,3519.6,4.5914e+05,7.3255e+06,2924.4
nan,0,nan,nan,0,3524.7,4.5914e+05,7.3255e+06,2924.9
nan,0,nan,nan,0,3529.2,4.5914e+05,7.3256e+06,2925.4
nan,0,nan,nan,0,3534.2,4.5914e+05,7.3256e+06,2925.9
nan,0,nan,nan,0,3539.2,4.5914e+05,7.3256e+06,2926.4
nan,0,nan,nan,0,3543.8,4.5914e+05,7.3256e+06,2927
nan,0,nan,nan,0,3548.8,4.5914e+05,7.3256e+06,2927.5
nan,0,nan,nan,0,3553.3,4.5914e+05,7.3256e+06,2928
nan,0,nan,nan,0,3558.4,4.5914e+05,7.3256e+06,2928.5
nan,0,nan,nan,0,3562.9,4.5914e+05,7.3256e+06,2929
nan,0,nan,nan,0,3567.9,4.5914e+05,7.3256e+06,2929.5
nan,0,nan,nan,0,3572.9,4.5914e+05,7.3256e+06,2930
nan,0,nan,nan,0,3577.5,4.5914e+05,7.3256e+06,2930.6
nan,0,nan,nan,0,3582.5,4.5914e+05,7.3256e+06,2931.1
nan,0,nan,nan,0,3587,4.5914e+05,7.3256e+06,2931.6
nan,0,nan,nan,0,3592.1,4.5914e+05,7.3256e+06,2932.1
nan,0,nan,nan,0,3597.1,4.5914e+05,7.3256e+06,2932.6
nan,0,nan,nan,0,3601.6,4.5914e+05,7.3256e+06,2933.1
nan,0,nan,nan,0,3606.6,4.5914e+05,7.3256e+06,2933.6
nan,0,nan,nan,0,3611.2,4.5914e+05,7.3256e+06,2934.2
nan,0,nan,nan,0,3616.2,4.5914e+05,7.3256e+06,2934.7
nan,0,nan,nan,0,3620.7,4.5914e+05,7.3256e+06,2935.2
nan,0,nan,nan,0,3625.7,4.5914e+05,7.3256e+06,2935.7
nan,0,nan,nan,0,3630.8,4.5914e+05,7.3257e+06,2936.2
nan,0,nan,nan,0,3635.3,4.5914e+05,7.3257e+06,2936.7
nan,0,nan,nan,0,3640.3,4.5914e+05,7.3257e+06,2937.2
nan,0,nan,nan,0,3644.9,4.5914e+05,7.3257e+06,2937.7
nan,0,nan,nan,0,3649.9,4.5914e+05,7.3257e+06,2938.3
nan,0,nan,nan,0,3654.4,4.5914e+05,7.3257e+06,2938.8
nan,0,nan,nan,0,3659.4,4.5914e+05,7.3257e+06,2939.3
nan,0,nan,nan,0,3664.5,4.5914e+05,7.3257e+06,2939.8
nan,0,nan,nan,0,3669,4.5914e+05,7.3257e+06,2940.3
nan,0,nan,nan,0,3674,4.5914e+05,7.3257e+06,2940.8
nan,0,nan,nan,0,3678.5,4.5914e+05,7.3257e+06,2941.3
nan,0,nan,nan,0,3683.6,4.5914e+05,7.3257e+06,2941.9
nan,0,nan,nan,0,3688.1,4.5914e+05,7.3257e+06,2942.4
nan,0,nan,nan,0,3693.1,4.5914e+05,7.3257e+06,2942.9
nan,0,nan,nan,0,3698.2,4.5914e+05,7.3257e+06,2943.4
nan,0,nan,nan,0,3702.7,4.5914e+05,7.3257e+06,2943.9
nan,0,nan,nan,0,3707.7,4.5914e+05,7.3257e+06,2944.4
nan,0,nan,nan,0,3712.2,4.5914e+05,7.3257e+06,2944.9
nan,0,nan,nan,0,3717.3,4.5914e+05,7.3257e+06,2945.5
nan,0,nan,nan,0,3721.8,4.5914e+05,7.3257e+06,2946
nan,0,nan,nan,0,3726.8,4.5914e+05,7.3257e+06,2946.5
nan,0,nan,nan,0,3731.9,4.5914e+05,7.3258e+06,2947
nan,0,nan,nan,0,3736.4,4.5914e+05,7.3258e+06,2947.5
nan,0,nan,nan,0,3741.4,4.5914e+05,7.3258e+06,2948
nan,0,nan,nan,0,3745.9,4.5914e+05,7.3258e+06,2948.5
nan,0,nan,nan,0,3751,4.5914e+05,7.3258e+06,2949
nan,0,nan,nan,0,3756,4.5914e+05,7.3258e+06,2949.6
nan,0,nan,nan,0,3760.5,4.5914e+05,7.3258e+06,2950.1
nan,0,nan,nan,0,3765.5,4.5914e+05,7.3258e+06,2950.6
nan,0,nan,nan,0,3770.1,4.5914e+05,7.3258e+06,2951.1
nan,0,nan,nan,0,3775.1,4.5914e+05,7.3258e+06,2951.6
nan,0,nan,nan,0,3779.6,4.5914e+05,7.3258e+06,2952.1
nan,0,nan,nan,0,3784.7,4.5914e+05,7.3258e+06,2952.6
nan,0,nan,nan,0,3789.7,4.5914e+05,7.3258e+06,2953.2
nan,0,nan,nan,0,3794.2,4.5914e+05,7.3258e+06,2953.7
nan,0,nan,nan,0,3799.2,4.5914e+05,7.3258e+06,2954.2
nan,0,nan,nan,0,3803.8,4.5914e+05,7.3258e+06,2954.7
nan,0,nan,nan,0,3808.8,4.5914e+05,7.3258e+06,2955.2
nan,0,nan,nan,0,3813.3,4.5914e+05,7.3258e+06,2955.7
nan,0,nan,nan,0,3818.3,4.5914e+05,7.3258e+06,2956.2
nan,0,nan,nan,0,3823.4,4.5914e+05,7.3258e+06,2956.8
nan,0,nan,nan,0,3827.9,4.5914e+05,7.3258e+06,2957.3
nan,0,nan,nan,0,3832.9,4.5914e+05,7.3259e+06,2957.8
nan,0,nan,nan,0,3837.5,4.5914e+05,7.3259e+06,2958.3
nan,0,nan,nan,0,3842.5,4.5914e+05,7.3259e+06,2958.8
nan,0,nan,nan,0,3847,4.5914e+05,7.3259e+06,2959.3
nan,0,nan,nan,0,3852,4.5914e+05,7.3259e+06,2959.8
nan,0,nan,nan,0,3857.1,4.5914e+05,7.3259e+06,2960.3
nan,0,nan,nan,0,3861.6,4.5914e+05,7.3259e+06,2960.9
nan,0,nan,nan,0,3866.6,4.5914e+05,7.3259e+06,2961.4
nan,0,nan,nan,0,3871.2,4.5914e+05,7.3259e+06,2961.9
nan,0,nan,nan,0,3876.2,4.5914e+05,7.3259e+06,2962.4
nan,0,nan,nan,0,3880.7,4.5914e+05,7.3259e+06,2962.9
nan,0,nan,nan,0,3885.7,4.5914e+05,7.3259e+06,2963.4
nan,0,nan,nan,0,3890.8,4.5914e+05,7.3259e+06,2963.9
nan,0,nan,nan,0,3895.3,4.5914e+05,7.3259e+06,2964.5
nan,0,nan,nan,0,3900.3,4.5914e+05,7.3259e+06,2965
nan,0,nan,nan,0,3904.8,4.5914e+05,7.3259e+06,2965.5
nan,0,nan,nan,0,3909.9,4.5914e+05,7.3259e+06,2966
nan,0,nan,nan,0,3914.4,4.5914e+05,7.3259e+06,2966.5
nan,0,nan,nan,0,3919.4,4.5914e+05,7.3259e+06,2967
nan,0,nan,nan,0,3924.5,4.5914e+05,7.3259e+06,2967.5
nan,0,nan,nan,0,3929,4.5914e+05,7.3259e+06,2968.1
nan,0,nan,nan,0,3934,4.5914e+05,7.326e+06,2968.6
nan,0,nan,nan,0,3938.5,4.5914e+05,7.326e+06,2969.1
nan,0,nan,nan,0,3943.6,4.5914e+05,7.326e+06,2969.6
nan,0,nan,nan,0,3948.1,4.5914e+05,7.326e+06,2970.1
nan,0,nan,nan,0,3953.1,4.5914e+05,7.326e+06,2970.6
nan,0,nan,nan,0,3958.1,4.5914e+05,7.326e+06,2971.1
nan,0,nan,nan,0,3962.7,4.5914e+05,7.326e+06,2971.7
nan,0,nan,nan,0,3967.7,4.5914e+05,7.326e+06,2972.2
nan,0,nan,nan,0,3972.2,4.5914e+05,7.326e+06,2972.7
nan,0,nan,nan,0,3977.3,4.5914e+05,7.326e+06,2973.2
nan,0,nan,nan,0,3982.3,4.5914e+05,7.326e+06,2973.7
nan,0,nan,nan,0,3986.8,4.5914e+05,7.326e+06,2974.2
nan,0,nan,nan,0,3991.8,4.5914e+05,7.326e+06,2974.7
nan,0,nan,nan,0,3996.4,4.5914e+05,7.326e+06,2975.2
nan,0,nan,nan,0,4001.4,4.5914e+05,7.326e+06,2975.8
nan,0,nan,nan,0,4005.9,4.5914e+05,7.326e+06,2976.3
nan,0,nan,nan,0,4010.9,4.5914e+05,7.326e+06,2976.8
nan,0,nan,nan,0,4016,4.5914e+05,7.326e+06,2977.3
nan,0,nan,nan,0,4020.5,4.5914e+05,7.326e+06,2977.8
nan,0,nan,nan,0,4025.5,4.5914e+05,7.326e+06,2978.3
nan,0,nan,nan,0,4030.1,4.5914e+05,7.326e+06,2978.8
nan,0,nan,nan,0,4035.1,4.5914e+05,7.3261e+06,2979.4
nan,0,nan,nan,0,4039.6,4.5914e+05,7.3261e+06,2979.9
nan,0,nan,nan,0,4044.6,4.5914e+05,7.3261e+06,2980.4
nan,0,nan,nan,0,4049.7,4.5914e+05,7.3261e+06,2980.9
nan,0,nan,nan,0,4054.2,4.5914e+05,7.3261e+06,2981.4
nan,0,nan,nan,0,4059.2,4.5914e+05,7.3261e+06,2981.9
nan,0,nan,nan,0,4063.8,4.5914e+05,7.3261e+06,2982.4
nan,0,nan,nan,0,4068.8,4.5914e+05,7.3261e+06,2983
nan,0,nan,nan,0,4073.3,4.5914e+05,7.3261e+06,2983.5
nan,0,nan,nan,0,4078.3,4.5914e+05,7.3261e+06,2984
nan,0,nan,nan,0,4083.4,4.5914e+05,7.3261e+06,2984.5
nan,0,nan,nan,0,4087.9,4.5914e+05,7.3261e+06,2985
nan,0,nan,nan,0,4092.9,4.5914e+05,7.3261e+06,2985.5
nan,0,nan,nan,0,4097.4,4.5914e+05,7.3261e+06,2986
nan,0,nan,nan,0,4102.5,4.5914e+05,7.3261e+06,2986.5
nan,0,nan,nan,0,4107,4.5914e+05,7.3261e+06,2987.1
nan,0,nan,nan,0,4112,4.5914e+05,7.3261e+06,2987.6
nan,0,nan,nan,0,4117.1,4.5914e+05,7.3261e+06,2988.1
nan,0,nan,nan,0,4121.6,4.5914e+05,7.3261e+06,2988.6
nan,0,nan,nan,0,4126.6,4.5914e+05,7.3261e+06,2989.1
nan,0,nan,nan,0,4131.1,4.5914e+05,7.3262e+06,2989.6
nan,0,nan,nan,0,4136.2,4.5914e+05,7.3262e+06,2990.1
nan,0,nan,nan,0,4141.2,4.5914e+05,7.3262e+06,2990.7
nan,0,nan,nan,0,4145.7,4.5914e+05,7.3262e+06,2991.2
nan,0,nan,nan,0,4150.7,4.5914e+05,7.3262e+06,2991.7
nan,0,nan,nan,0,4155.3,4.5914e+05,7.3262e+06,2992.2
nan,0,nan,nan,0,4160.3,4.5914e+05,7.3262e+06,2992.7
nan,0,nan,nan,0,4164.8,4.5914e+05,7.3262e+06,2993.2
nan,0,nan,nan,0,4169.9,4.5914e+05,7.3262e+06,2993.7
nan,0,nan,nan,0,4174.9,4.5914e+05,7.3262e+06,2994.3
nan,0,nan,nan,0,4179.4,4.5914e+05,7.3262e+06,2994.8
nan,0,nan,nan,0,4184.4,4.5914e+05,7.3262e+06,2995.3
nan,0,nan,nan,0,4189,4.5914e+05,7.3262e+06,2995.8
nan,0,nan,nan,0,4194,4.5914e+05,7.3262e+06,2996.3
nan,0,nan,nan,0,4198.5,4.5914e+05,7.3262e+06,2996.8
nan,0,nan,nan,0,4203.6,4.5914e+05,7.3262e+06,2997.3
nan,0,nan,nan,0,4208.6,4.5914e+05,7.3262e+06,2997.8
nan,0,nan,nan,0,4213.1,4.5914e+05,7.3262e+06,2998.4
nan,0,nan,nan,0,4218.1,4.5914e+05,7.3262e+06,2998.9
nan,0,nan,nan,0,4222.7,4.5914e+05,7.3262e+06,2999.4
nan,0,nan,nan,0,4227.7,4.5914e+05,7.3262e+06,2999.9
nan,0,nan,nan,0,4232.2,4.5914e+05,7.3263e+06,3000.4
nan,0,nan,nan,0,4237.2,4.5914e+05,7.3263e+06,3000.9
nan,0,nan,nan,0,4242.3,4.5914e+05,7.3263e+06,3001.4
nan,0,nan,nan,0,4246.8,4.5914e+05,7.3263e+06,3002
nan,0,nan,nan,0,4251.8,4.5914e+05,7.3263e+06,3002.5
nan,0,nan,nan,0,4256.4,4.5914e+05,7.3263e+06,3003
nan,0,nan,nan,0,4261.4,4.5914e+05,7.3263e+06,3003.5
nan,0,nan,nan,0,4265.9,4.5914e+05,7.3263e+06,3004
nan,0,nan,nan,0,4270.9,4.5914e+05,7.3263e+06,3004.5
nan,0,nan,nan,0,4276,4.5914e+05,7.3263e+06,3005
nan,0,nan,nan,0,4280.5,4.5914e+05,7.3263e+06,3005.6
nan,0,nan,nan,0,4285.5,4.5914e+05,7.3263e+06,3006.1
nan,0,nan,nan,0,4290,4.5914e+05,7.3263e+06,3006.6
nan,0,nan,nan,0,4295.1,4.5914e+05,7.3263e+06,3007.1
nan,0,nan,nan,0,4299.6,4.5914e+05,7.3263e+06,3007.6
nan,0,nan,nan,0,4304.6,4.5914e+05,7.3263e+06,3008.1
nan,0,nan,nan,0,4309.7,4.5914e+05,7.3263e+06,3008.6
nan,0,nan,nan,0,4314.2,4.5914e+05,7.3263e+06,3009.1
nan,0,nan,nan,0,4319.2,4.5914e+05,7.3263e+06,3009.7
nan,0,nan,nan,0,4323.7,4.5914e+05,7.3263e+06,3010.2
nan,0,nan,nan,0,4328.8,4.5914e+05,7.3263e+06,3010.7
nan,0,nan,nan,0,4333.3,4.5914e+05,7.3264e+06,3011.2
nan,0,nan,nan,0,4338.3,4.5914e+05,7.3264e+06,3011.7
nan,0,nan,nan,0,4343.4,4.5914e+05,7.3264e+06,3012.2
nan,0,nan,nan,0,4347.9,4.5914e+05,7.3264e+06,3012.7
nan,0,nan,nan,0,4352.9,4.5914e+05,7.3264e+06,3013.3
nan,0,nan,nan,0,4357.4,4.5914e+05,7.3264e+06,3013.8
nan,0,nan,nan,0,4362.5,4.5914e+05,7.3264e+06,3014.3
nan,0,nan,nan,0,4367.5,4.5914e+05,7.3264e+06,3014.8
nan,0,nan,nan,0,4372,4.5914e+05,7.3264e+06,3015.3
nan,0,nan,nan,0,4377,4.5914e+05,7.3264e+06,3015.8
nan,0,nan,nan,0,4381.6,4.5914e+05,7.3264e+06,3016.3
nan,0,nan,nan,0,4386.6,4.5914e+05,7.3264e+06,3016.9
nan,0,nan,nan,0,4391.1,4.5914e+05,7.3264e+06,3017.4
nan,0,nan,nan,0,4396.2,4.5914e+05,7.3264e+06,3017.9
nan,0,nan,nan,0,4401.2,4.5914e+05,7.3264e+06,3018.4
nan,0,nan,nan,0,4405.7,4.5914e+05,7.3264e+06,3018.9
nan,0,nan,nan,0,4410.7,4.5914e+05,7.3264e+06,3019.4
nan,0,nan,nan,0,4415.3,4.5914e+05,7.3264e+06,3019.9
nan,0,nan,nan,0,4420.3,4.5914e+05,7.3264e+06,3020.4
nan,0,nan,nan,0,4424.8,4.5914e+05,7.3264e+06,3021
nan,0,nan,nan,0,4429.8,4.5914e+05,7.3264e+06,3021.5
nan,0,nan,nan,0,4434.9,4.5914e+05,7.3265e+06,3022
nan,0,nan,nan,0,4439.4,4.5914e+05,7.3265e+06,3022.5
nan,0,nan,nan,0,4444.4,4.5914e+05,7.3265e+06,3023
nan,0,nan,nan,0,4449,4.5914e+05,7.3265e+06,3023.5
nan,0,nan,nan,0,4454,4.5914e+05,7.3265e+06,3024
nan,0,nan,nan,0,4458.5,4.5914e+05,7.3265e+06,3024.6
nan,0,nan,nan,0,4463.5,4.5914e+05,7.3265e+06,3025.1
nan,0,nan,nan,0,4468.6,4.5914e+05,7.3265e+06,3025.6
nan,0,nan,nan,0,4473.1,4.5914e+05,7.3265e+06,3026.1
nan,0,nan,nan,0,4478.1,4.5914e+05,7.3265e+06,3026.6
nan,0,nan,nan,0,4482.7,4.5914e+05,7.3265e+06,3027.1
nan,0,nan,nan,0,4487.7,4.5914e+05,7.3265e+06,3027.6
nan,0,nan,nan,0,4492.2,4.5914e+05,7.3265e+06,3028.2
nan,0,nan,nan,0,4497.2,4.5914e+05,7.3265e+06,3028.7
nan,0,nan,nan,0,4502.3,4.5914e+05,7.3265e+06,3029.2
nan,0,nan,nan,0,4506.8,4.5914e+05,7.3265e+06,3029.7
nan,0,nan,nan,0,4511.8,4.5914e+05,7.3265e+06,3030.2
nan,0,nan,nan,0,4516.3,4.5914e+05,7.3265e+06,3030.7
nan,0,nan,nan,0,4521.4,4.5914e+05,7.3265e+06,3031.2
nan,0,nan,nan,0,4526.4,4.5914e+05,7.3265e+06,3031.7
nan,0,nan,nan,0,4530.9,4.5914e+05,7.3265e+06,3032.3
nan,0,nan,nan,0,4536,4.5914e+05,7.3266e+06,3032.8
nan,0,nan,nan,0,4540.5,4.5914e+05,7.3266e+06,3033.3
nan,0,nan,nan,0,4545.5,4.5914e+05,7.3266e+06,3033.8
nan,0,nan,nan,0,4550,4.5914e+05,7.3266e+06,3034.3
nan,0,nan,nan,0,4555.1,4.5914e+05,7.3266e+06,3034.8
nan,0,nan,nan,0,4560.1,4.5914e+05,7.3266e+06,3035.3
nan,0,nan,nan,0,4564.6,4.5914e+05,7.3266e+06,3035.9
nan,0,nan,nan,0,4569.6,4.5914e+05,7.3266e+06,3036.4
nan,0,nan,nan,0,4574.2,4.5914e+05,7.3266e+06,3036.9
nan,0,nan,nan,0,4579.2,4.5914e+05,7.3266e+06,3037.4
nan,0,nan,nan,0,4583.7,4.5914e+05,7.3266e+06,3037.9
nan,0,nan,nan,0,4588.8,4.5914e+05,7.3266e+06,3038.4
nan,0,nan,nan,0,4593.8,4.5914e+05,7.3266e+06,3038.9
nan,0,nan,nan,0,4598.3,4.5914e+05,7.3266e+06,3039.5
nan,0,nan,nan,0,4603.3,4.5914e+05,7.3266e+06,3040
nan,0,nan,nan,0,4607.9,4.5914e+05,7.3266e+06,3040.5
nan,0,nan,nan,0,4612.9,4.5914e+05,7.3266e+06,3041
nan,0,nan,nan,0,4617.4,4.5914e+05,7.3266e+06,3041.5
nan,0,nan,nan,0,4622.4,4.5914e+05,7.3266e+06,3042
nan,0,nan,nan,0,4627.5,4.5914e+05,7.3266e+06,3042.5
nan,0,nan,nan,0,4632,4.5914e+05,7.3266e+06,3043
nan,0,nan,nan,0,4637,4.5914e+05,7.3267e+06,3043.6
nan,0,nan,nan,0,4641.6,4.5914e+05,7.3267e+06,3044.1
nan,0,nan,nan,0,4646.6,4.5914e+05,7.3267e+06,3044.6
nan,0,nan,nan,0,4651.1,4.5914e+05,7.3267e+06,3045.1
nan,0,nan,nan,0,4656.1,4.5914e+05,7.3267e+06,3045.6
nan,0,nan,nan,0,4661.2,4.5914e+05,7.3267e+06,3046.1
nan,0,nan,nan,0,4665.7,4.5914e+05,7.3267e+06,3046.6
nan,0,nan,nan,0,4670.7,4.5914e+05,7.3267e+06,3047.2
nan,0,nan,nan,0,4675.3,4.5914e+05,7.3267e+06,3047.7
nan,0,nan,nan,0,4680.3,4.5914e+05,7.3267e+06,3048.2
nan,0,nan,nan,0,4684.8,4.5914e+05,7.3267e+06,3048.7
nan,0,nan,nan,0,4689.8,4.5914e+05,7.3267e+06,3049.2
nan,0,nan,nan,0,4694.9,4.5914e+05,7.3267e+06,3049.7
nan,0,nan,nan,0,4699.4,4.5914e+05,7.3267e+06,3050.2
nan,0,nan,nan,0,4704.4,4.5914e+05,7.3267e+06,3050.8
nan,0,nan,nan,0,4708.9,4.5914e+05,7.3267e+06,3051.3
nan,0,nan,nan,0,4714,4.5914e+05,7.3267e+06,3051.8
nan,0,nan,nan,0,4718.5,4.5914e+05,7.3267e+06,3052.3
nan,0,nan,nan,0,4723.5,4.5914e+05,7.3267e+06,3052.8
nan,0,nan,nan,0,4728.6,4.5914e+05,7.3267e+06,3053.3
nan,0,nan,nan,0,4733.1,4.5914e+05,7.3267e+06,3053.8
nan,0,nan,nan,0,4738.1,4.5914e+05,7.3268e+06,3054.4
nan,0,nan,nan,0,4742.6,4.5914e+05,7.3268e+06,3054.9
nan,0,nan,nan,0,4747.7,4.5914e+05,7.3268e+06,3055.4
nan,0,nan,nan,0,4752.7,4.5914e+05,7.3268e+06,3055.9
nan,0,nan,nan,0,4757.2,4.5914e+05,7.3268e+06,3056.4
nan,0,nan,nan,0,4762.2,4.5914e+05,7.3268e+06,3056.9
nan,0,nan,nan,0,4766.8,4.5914e+05,7.3268e+06,3057.4
nan,0,nan,nan,0,4771.8,4.5914e+05,7.3268e+06,3057.9
nan,0,nan,nan,0,4776.3,4.5914e+05,7.3268e+06,3058.5
nan,0,nan,nan,0,4781.4,4.5914e+05,7.3268e+06,3059
nan,0,nan,nan,0,4786.4,4.5914e+05,7.3268e+06,3059.5
nan,0,nan,nan,0,4790.9,4.5914e+05,7.3268e+06,3060
nan,0,nan,nan,0,4795.9,4.5914e+05,7.3268e+06,3060.5
nan,0,nan,nan,0,4800.5,4.5914e+05,7.3268e+06,3061
nan,0,nan,nan,0,4805.5,4.5914e+05,7.3268e+06,3061.5
nan,0,nan,nan,0,4810,4.5914e+05,7.3268e+06,3062.1
nan,0,nan,nan,0,4815.1,4.5914e+05,7.3268e+06,3062.6
